,fitness,f1_score,recall,presicion,kappa
relu,0.827947661389431,0.8611111111111112,0.8666666666666667,0.9047619047619048,0.8
sigmoid,0.7127525252525252,0.75,0.7777777777777778,0.8666666666666667,0.6666666666666667
tanh,0.7903769750079154,0.8086124401913877,0.8222222222222222,0.8840579710144927,0.7333333333333334
vary,0.6902643648497525,0.6662387676508343,0.7111111111111111,0.7628205128205129,0.5666666666666667
