,fitness,f1_score,recall,presicion,kappa
relu,0.8257476775546899,0.805128205128205,0.8,0.875,0.7
sigmoid,0.9159969998928533,0.8875616657901986,0.8888888888888888,0.9020467836257311,0.8333333333333334
tanh,0.917226489357637,0.8896046482253379,0.8888888888888888,0.9166666666666666,0.8333333333333334
vary,0.7678123295144571,0.75,0.7777777777777778,0.8666666666666667,0.6666666666666667
